STATE,CITY,LOCATION,ENERGY,AREA,IT EQUIPMENT POWER,State_Aggregated_PUE,FULL_CABINETS,PARTIAL_CABINETS,SHARED_RACKSPACE,CAGES,SUITES,BUILD_TO_SUIT,FOOTPRINTS,REMOTE_HANDS,YEAR_OPERATIONAL,State_Aggregated_IXP_Count,Cluster,PCA1,PCA2
FL,Miami,36 NE 2nd St (MIA10),1.3,10200,0.91,1.8,1,1,1,1,1,1,1,1,1925.0,7,1,-2.064578932360444,-0.9638242243433293
FL,Miami,RadiusDC Miami I,9.2,15795,6.44,1.8,1,1,1,1,1,1,1,1,2001.0,7,1,-1.606187433135283,-0.11851182404080227
FL,Miami,Volico Miami 2,10.0,5000,7.0,1.8,1,1,1,1,1,1,1,1,1925.0,7,1,-1.947843584857056,-0.6237506238431261
FL,Miami,Raeden MIA2,3.0,32000,2.1,1.8,1,1,1,1,1,1,1,1,2006.0,7,1,-1.6583503674161044,-0.2877412820828286
FL,Orlando,CoreSite Orlando (OR1),7.0,130000,4.9,1.8,1,1,1,1,1,0,1,1,1984.0,7,1,-1.538999518428324,-0.6894256769942275
FL,Orlando,Signal Hill Telecom Center,13.0,115000,9.1,1.8,1,1,1,1,1,1,1,1,2000.0,7,1,-1.4924057136761628,0.34812081961397456
ID,Boise,Ark Data Centers Boise 1,1.0,10000,0.7,1.5,1,1,1,1,1,1,1,1,2014.0,1,1,-1.1609594422166678,-0.5813621227030836
ID,Boise,Tonaquint Boise Data Center,2.0,8500,1.4,1.5,1,1,1,1,1,1,1,1,2000.0,1,1,-1.2117932189913743,-0.6379098745930024
NY,New York,60 Hudson Street (JFK12),2.5,38400,1.75,1.37,1,1,1,1,1,1,1,1,1930.0,11,1,-1.1872911248537525,-1.1973997429537164
NY,New York,111 Eight Avenue (JFK10),5.5,50100,3.85,1.37,1,1,1,1,1,1,1,1,1932.0,11,1,-1.1289901545581889,-1.0237057229168602
NY,Orangeburg,1 Ramland,12.0,100000,8.4,1.37,1,1,1,1,1,1,1,1,2017.0,11,1,-0.6196180842699638,-0.034396786966665135
NY,Garden City,Opti9 NY1,4.0,25000,2.8,1.37,1,1,1,1,1,1,1,1,2002.0,11,1,-0.8481041695180477,-0.7017801863270783
NY,New York,Hudson InterXchange,6.0,120000,4.2,1.37,0,0,1,1,1,0,1,1,2011.0,11,1,2.532887113653218,-1.4308255178465938
WA,Seattle,2001 Sixth Avenue (SEA10),19.5,398600,13.65,1.75,1,1,1,1,1,1,1,1,1981.0,10,1,-1.1858305105027465,1.323335685563037
WA,Seattle,The Westin Building,19.0,300000,13.3,1.75,0,0,0,0,0,0,0,0,1981.0,10,2,7.717767291530131,-1.5215545772216226
WA,Seattle,ColoCrossing SEA1,10.0,18000,7.0,1.75,1,1,1,1,1,1,1,1,1999.0,10,1,-1.4877981761918404,-0.16483346458766507
WA,Seattle,ColoInSeattle.com,2.0,18000,1.4,1.75,1,1,1,1,1,1,1,1,2001.0,10,1,-1.5892208747249164,-0.47959585846965913
VA,Ashburn,43830 Devin Shafron Drive (IAD24),6.8,57700,4.76,1.15,0,0,0,0,0,0,0,0,2011.0,12,2,8.640156135256298,-3.1287680370623394
VA,Ashburn,"44274 Round Table Plaza, Bldg L (IAD39)",96.3,469600,67.41,1.15,0,0,0,0,0,0,0,0,2017.0,12,2,10.177173573427739,1.8986816813694494
VA,Ashburn,"44372 Round Table Plaza, Bldg M (IAD40)",24.0,69600,16.8,1.15,0,0,0,0,0,0,0,0,2017.0,12,2,8.91294219505059,-2.345712374940552
VA,Ashburn,43791 Devin Shafron Drive (IAD14),6.9,51400,4.83,1.15,0,0,0,0,0,0,0,0,2010.0,12,2,8.632810219179499,-3.151452567508767
VA,Ashburn,43881 Devin Shafron Drive (IAD12),9.0,57100,6.3,1.15,0,0,0,0,0,0,0,0,2001.0,12,2,8.624683532006415,-3.106734166869104
VA,Ashburn,43940 Digital Loudoun Plaza (IAD35),26.4,223800,18.48,1.15,0,0,0,0,0,0,0,0,2013.0,12,2,9.03023886509513,-1.7803750992446312
VA,Ashburn,"22124 Broderick Drive, Bldg R (IAD42)",48.0,208200,33.6,1.15,0,0,0,0,0,0,0,0,2021.0,12,2,9.354652740441404,-0.8916615866417462
VA,Ashburn,NTT Ashburn VA1,12.6,64723,8.82,1.15,0,0,0,0,0,0,0,0,2000.0,12,2,8.674927769740167,-2.9413603112533284
VA,Ashburn,Aligned IAD-02,120.0,283023,84.0,1.15,0,0,0,0,0,0,0,0,2020.0,12,2,10.394402955270909,2.2932545713498116
CA,Los Angeles,600 West 7th Street (LAX10),9.0,70300,6.3,1.22,1,1,1,1,1,1,1,1,1934.0,37,1,-0.581091744970998,-1.193474273130541
CA,Los Angeles,2260 E El Segundo Blvd (LAX12),7.1,66800,4.97,1.22,1,1,1,1,1,1,1,1,1979.0,37,1,-0.4050634380910303,-0.9844541220891331
CA,Los Angeles,Hivelocity - Los Angeles 2,10.0,490000,7.0,1.22,1,1,1,1,1,1,1,1,2000.0,37,1,0.011316954776856843,0.6277962559094065
CA,Los Angeles,West 7 Center,16.9,150000,11.83,1.22,1,1,1,1,1,0,1,1,2016.0,37,1,0.05284141836988309,-0.8048166883063766
CA,Los Angeles,Prime Los Angeles,33.0,110310,23.1,1.22,1,1,1,1,1,1,1,1,2024.0,37,1,0.18620407433999978,0.5148387649707155
CA,Los Angeles,Converge Technology Solutions Data Center,1.0,6000,0.7,1.22,1,1,1,1,1,1,1,1,2006.0,37,1,-0.4069201636549052,-1.2502471462089477
CA,Los Angeles,Crown Castle Los Angeles LA1,1.0,18400,0.7,1.22,1,1,1,1,1,1,1,1,1998.0,37,1,-0.4350644824515943,-1.2635673076332323
CA,Los Angeles,Crown Castle Los Angeles LA2,1.0,6491,0.7,1.22,1,1,1,1,1,1,1,1,2005.0,37,1,-0.41114096477848294,-1.2553009210642057
CA,Los Angeles,Subrigo - 650 South Grand,2.0,6000,1.4,1.22,1,1,1,1,1,1,1,1,1998.0,37,1,-0.42947873083245786,-1.26224523924595
CA,Los Angeles,Prime Sacramento Data Center Campus,26.0,114711,18.2,1.22,1,1,1,1,1,1,1,1,2019.0,37,1,0.06968998194593191,0.20878624354056594
CA,Los Angeles,Quest Roseville HABC,8.0,20000,5.6,1.22,1,1,1,1,1,1,1,1,2014.0,37,1,-0.26455511495401257,-0.8654373507747675
CA,Los Angeles,Quest McClellan BRC,6.0,30,4.2,1.22,1,1,1,1,1,1,1,1,2008.0,37,1,-0.3327161623745501,-1.0510932945452187
CA,Los Angeles,Conscious Data Centers,5.0,50000,3.5,1.22,1,1,1,1,1,1,1,1,2019.0,37,1,-0.26335718595471175,-0.859318478585179
CA,Santa Clara,1100 Space Park Dr (SJC10),6.3,67900,4.41,1.5,1,1,0,1,1,0,1,1,2001.0,12,1,-0.33328474567485367,-0.4176735676461888
CA,Santa Clara,3205 Alfred St (SJC35),6.0,34200,4.2,1.5,1,1,0,1,1,0,1,1,2018.0,12,1,-0.2824999384797559,-0.42518837136508975
CA,Santa Clara,3105 Alfred Rd (SJC30),4.5,26900,3.15,1.5,1,1,0,1,1,0,1,1,1974.0,12,1,-0.5081178678102224,-0.8015483345148098
CA,Santa Clara,1201 Comstock St (SJC15),2.2,14000,1.54,1.5,1,1,0,1,1,0,1,1,2009.0,12,1,-0.38931960628850326,-0.705257934668969
CA,Santa Clara,2820 Northwestern Pkwy (SJC34),5.7,22700,3.99,1.5,1,1,0,1,1,0,1,1,2012.0,12,1,-0.3215555805307045,-0.5140380635495713
CA,Santa Clara,1525 Comstock St (SJC16),4.5,65500,3.15,1.5,1,1,0,1,1,0,1,1,1980.0,12,1,-0.45522278733006344,-0.6382802634570365
CA,Santa Clara,2220 De La Cruz Blvd (SC1),52.6,238900,36.82,1.5,1,1,0,1,1,0,1,1,2011.0,12,0,0.4652697584752014,2.0941398476690796
CA,Santa Clara,2805 Lafayette St (SJC31),9.3,55800,6.51,1.5,1,1,0,1,1,0,1,1,1984.0,12,1,-0.37716367873490647,-0.4460126520138057
CA,Santa Clara,3011 Lafayette St (SJC11),6.0,51000,4.2,1.5,1,1,0,1,1,0,1,1,2001.0,12,1,-0.3486440759478615,-0.48405330567353755
CA,Santa Clara,CoreSite Silicon Valley (SV9),34.0,228000,23.8,1.5,1,0,0,1,1,0,0,0,2025.0,12,2,5.380552474591968,0.5610634018044606
CA,Los Angeles,Prime Los Angeles LAX01-01,33.0,110310,23.1,1.5,0,0,0,0,1,0,1,1,2024.0,12,2,4.460805842134802,-0.052250528681470634
TX,Dallas,4025 Midway Rd (DFW11),13.1,13000,9.17,1.6,1,1,1,1,0,0,1,1,2008.0,6,1,-0.7687675509381677,-1.4454779664281163
TX,Dallas,8435 Stemmons Freeway (DFW36),5.7,29000,3.99,1.6,1,1,1,1,0,0,1,1,2003.0,6,1,-0.883110247947754,-1.730814799347193
TX,Dallas,2323 Bryan Street (DFW10),13.9,134000,9.73,1.6,1,1,1,1,0,0,1,1,2002.0,6,1,-0.7046991376139264,-1.0652316378443258
TX,Dallas,1232 Alma Road (DFW16),12.2,14000,8.54,1.6,1,1,1,1,0,0,1,1,2002.0,6,1,-0.8078167855598424,-1.518929116201394
TX,Dallas,900 Quality Way (DFW17),5.2,80000,3.64,1.6,1,1,1,1,0,0,1,1,2000.0,6,1,-0.8698133668653061,-1.607992612403107
TX,Dallas,850 E. Collins Boulevard (DFW28),11.7,110000,8.19,1.6,1,1,1,1,0,0,1,1,2017.0,6,1,-0.6828181363123047,-1.1328596860059257
TX,Dallas,2440 Marsh Lane (DFW12),9.0,72000,6.3,1.6,1,1,1,1,0,0,1,1,2008.0,6,1,-0.7862540881991217,-1.42478679604531
TX,Dallas,Hivelocity - Dallas 1,4.1,5000,2.67,1.6,1,1,1,0,0,0,1,1,2007.0,6,1,0.23738539728979763,-2.428701362101867
TX,Dallas,Cologix DAL2,11.1,50000,7.55,1.6,1,1,1,1,0,0,1,1,2005.0,6,1,-0.7875441438715491,-1.4352432859809792
TX,Dallas,Flexential Dallas - Plano Data Center,5.9,142000,4.13,1.6,1,1,1,1,1,0,1,1,2003.0,6,1,-1.1010286745442275,-0.7301520100156823
TX,Dallas,Cologix DAL1,3.2,25000,2.18,1.6,1,1,1,1,0,0,1,1,2012.0,6,1,-0.8799433738522561,-1.7882081966725332
TX,Dallas,Cologix DAL3,9.8,99000,6.66,1.6,1,1,1,1,0,0,1,1,2015.0,6,1,-0.7273324660382338,-1.2649264073736632
TX,Dallas,Flexential Dallas - Richardson Data Center,11.7,175000,8.19,1.6,1,1,1,1,1,0,1,1,2012.0,6,1,-0.9580858284244036,-0.32711991913123695
TX,Dallas,Equinix DA1,8.5,152000,6.12,1.6,1,1,1,1,1,1,1,1,2018.0,6,1,-1.0877678221103582,0.24622044305496735
TX,Dallas,Equinix DA6,44.8,176000,32.26,1.6,1,1,1,1,1,1,1,1,2005.0,6,0,-0.6226417794271265,1.7461082586787775
TX,Dallas,Equinix DA2,36.7,66000,26.42,1.6,1,1,1,1,1,1,1,1,2006.0,6,1,-0.8045822379249168,1.0637682565220012
TX,Dallas,DataBank DFW1 - Downtown Dallas,23.9,246000,16.73,1.6,1,1,1,1,1,0,1,1,2007.0,6,1,-0.7651659522441766,0.36717103291011727
TX,Dallas,DataBank DFW2 - North Dallas,26.4,113000,18.48,1.6,1,1,1,1,1,0,1,1,2014.0,6,1,-0.7870631980493975,0.09045524613608723
TX,Dallas,DataBank DFW4 - Dallas Empire,20.2,110000,14.14,1.6,1,1,1,1,1,0,1,1,2011.0,6,1,-0.8883437939640367,-0.19322902070851244
TX,Dallas,DataBank DFW5 - Dallas Infomart,12.6,177000,8.82,1.6,1,1,1,1,1,0,1,1,2020.0,6,1,-0.9079525029880214,-0.23081899006793577
TX,Dallas,QTS Fort Worth 1 DC1,16.4,480000,12.46,1.6,1,1,0,1,1,1,1,1,2020.0,6,0,-0.15373804243260542,2.348413931342999
TX,Dallas,QTS Irving DC1 & DC2,75.6,198000,57.46,1.6,1,1,0,1,1,1,1,1,2015.0,6,0,0.4875635461499025,3.94190792118314
TX,Dallas,TierPoint Dallas,6.3,140000,4.35,1.6,1,1,1,1,1,0,1,1,2017.0,6,1,-1.033739382473978,-0.6291162644111747
TX,Dallas,Iron Mountain Data Centers - Dallas,7.8,85000,5.3,1.6,1,1,1,1,0,0,1,1,1999.0,6,1,-0.8366233337372175,-1.4965852724947286
TX,Dallas,CyrusOne DFW1 - Carrollton,26.0,96000,19.5,1.6,1,1,0,1,1,1,1,1,2015.0,6,0,-0.29567953873671254,1.489263338875275
TX,Dallas,CyrusOne DFW2 - Lewisville,38.1,114000,28.58,1.6,1,1,0,1,1,1,1,1,2015.0,6,0,-0.11086400939468352,2.0604099812887027
TX,Dallas,CyrusOne DFW3 - Allen,24.9,339000,18.67,1.6,1,1,0,1,1,1,1,1,2019.0,6,0,-0.13199426533426017,2.246536754080889
TX,San Antonio,CyrusOne SAT1 - San Antonio,20.0,152000,15.0,1.6,1,1,0,1,1,1,1,1,2022.0,6,0,-0.31238875833260044,1.460254848664024
TX,San Antonio,CyrusOne SAT2 - San Antonio,47.7,468000,35.78,1.6,1,1,0,1,1,1,1,1,2018.0,6,0,0.27480960544649286,3.6203989251117847
TX,San Antonio,CyrusOne SAT3 - San Antonio,72.8,287000,54.6,1.6,1,1,0,1,1,1,1,1,2012.0,6,0,0.485871969260223,4.066310312344549
TX,San Antonio,CyrusOne SAT4 - San Antonio,79.8,151000,59.85,1.6,1,1,0,1,1,1,1,1,2020.0,6,0,0.5319749641776678,3.9811266624015973
TX,San Antonio,Vantage TX11 - San Antonio,31.8,190000,24.8,1.6,1,0,0,1,1,1,1,1,2011.0,6,0,1.257961957598029,2.0278489927556396
TX,San Antonio,Vantage TX12 - San Antonio,39.9,285000,31.12,1.6,1,0,0,1,1,1,1,1,2020.0,6,0,1.4799118116810432,2.742153646104374
TX,San Antonio,QTS San Antonio 2,48.0,138000,36.48,1.6,1,1,0,1,1,1,1,1,2015.0,6,0,0.05091417474211994,2.5708388370932806
TX,San Antonio,DataBank SAT1 - San Antonio,19.1,132000,13.37,1.6,1,1,1,1,1,0,1,1,2008.0,6,1,-0.9025802532055435,-0.18780651524814407
TX,Austin,Data Foundry - Texas 1,19.5,130000,13.65,1.6,1,1,1,1,0,0,1,1,2000.0,6,1,-0.639085661861932,-0.8616727632410278
TX,Austin,Data Foundry - Texas 2,13.9,26000,9.73,1.6,1,1,1,1,0,0,1,1,2017.0,6,1,-0.7081693500408835,-1.3114527080676386
TX,Austin,Element Critical Austin One,15.3,117000,10.71,1.6,1,1,1,1,0,0,1,1,2010.0,6,1,-0.6602671236268035,-1.0092291267766609
TX,Austin,CyrusOne AUS2 - Austin,17.8,306000,13.35,1.6,1,1,0,1,1,1,1,1,2019.0,6,0,-0.25525546325234044,1.8398271138003734
TX,Austin,CyrusOne AUS3 - Austin,10.2,455000,7.65,1.6,1,1,0,1,1,1,1,1,2013.0,6,0,-0.2922080554310164,1.9544020380131815
TX,Austin,DataBank AUS1 - Austin,29.2,197000,20.44,1.6,1,1,1,1,1,0,1,1,2016.0,6,1,-0.6835462410142767,0.4873058643591845
TX,Austin,Iron Mountain Data Centers Hutto-1,23.1,177000,15.71,1.6,1,1,1,1,0,0,1,1,2007.0,6,1,-0.5306472641232429,-0.5304375966648301
TX,Austin,Iron Mountain Data Centers Hutto-2,21.5,116000,14.62,1.6,1,1,1,1,0,0,1,1,2004.0,6,1,-0.6065893920780462,-0.8102551534164736
TX,Austin,Iron Mountain Data Centers Hutto-3,6.4,159000,4.35,1.6,1,1,1,1,0,0,1,1,2015.0,6,1,-0.7338294074201187,-1.2103341764084259
TX,Houston,CyrusOne HOU1 - Houston,76.7,559000,57.53,1.6,1,1,0,1,1,1,1,1,2005.0,6,0,0.6902973815712854,5.055944354326328
TX,Houston,Flexential Houston,12.8,98000,8.96,1.6,1,1,1,1,1,0,1,1,2003.0,6,1,-1.0349074241161862,-0.5880395168163755
TX,Houston,Lumen Houston 1,9.4,71000,6.11,1.6,1,1,1,0,0,0,1,1,2004.0,6,1,0.3382308071117002,-2.027785288319616
TX,Houston,DataBank HOU1 - Houston,9.5,82000,6.65,1.6,1,1,1,1,1,0,1,1,2018.0,6,1,-1.0229135008565347,-0.6751695988248858
TX,Houston,TierPoint Houston,17.2,31000,11.87,1.6,1,1,1,1,1,0,1,1,2015.0,6,1,-0.9656185669972402,-0.5473876458218546
TX,Houston,Cologix HOU1,12.6,117000,8.57,1.6,1,1,1,1,0,0,1,1,2018.0,6,1,-0.6635354868121847,-1.074076601369368
TX,Houston,Equinix HU1,39.5,94000,28.44,1.6,1,1,1,1,1,1,1,1,2014.0,6,1,-0.71038540400696,1.3228853033178034
TX,Houston,Iron Mountain Data Centers Houston,23.8,58000,16.18,1.6,1,1,1,1,0,0,1,1,2014.0,6,1,-0.568307467598627,-0.8367281867427682
GA,Atlanta,QTS Atlanta - Metro,88.5,353000,67.26,1.58,1,1,0,1,1,1,1,1,2009.0,5,0,0.7774500418720964,4.942207680379595
GA,Atlanta,Equinix AT1,46.8,314000,33.7,1.58,1,1,1,1,1,1,1,1,2005.0,5,0,-0.47417431123315007,2.263984283245735
GA,Atlanta,Equinix AT2,37.1,189000,26.71,1.58,1,1,1,1,1,1,1,1,2010.0,5,0,-0.6702666314710608,1.4936851236822881
GA,Atlanta,Equinix AT3,24.7,231000,17.78,1.58,1,1,1,1,1,1,1,1,2002.0,5,1,-0.8524101747241797,1.0595216744726015
GA,Atlanta,DataBank ATL1,9.7,44000,6.79,1.58,1,1,1,1,1,0,1,1,2000.0,5,1,-1.0983213565766945,-0.9146808514286414
GA,Atlanta,DataBank ATL2,18.9,80000,13.23,1.58,1,1,1,1,1,0,1,1,2007.0,5,1,-0.915511666205179,-0.37589356845530475
GA,Atlanta,Flexential Atlanta,2.1,133000,1.47,1.58,1,1,1,1,1,0,1,1,2001.0,5,1,-1.1397037439532482,-0.934871393070391
GA,Atlanta,Cologix ATL1,5.0,110000,3.4,1.58,1,1,1,1,0,0,1,1,2011.0,5,1,-0.7747062138699724,-1.457040910342587
GA,Atlanta,Cologix ATL2,2.9,39000,1.97,1.58,1,1,1,1,0,0,1,1,2016.0,5,1,-0.8277249191613776,-1.7360734590903943
GA,Atlanta,Iron Mountain ATL1,7.7,52000,5.24,1.58,1,1,1,1,0,0,1,1,2016.0,5,1,-0.7536316553699023,-1.500238097798527
GA,Atlanta,CyrusOne ATL1 - Atlanta,50.3,206000,37.72,1.58,1,1,0,1,1,1,1,1,2020.0,5,0,0.1759652169436442,2.898428644199458
GA,Atlanta,TierPoint Atlanta,14.9,44000,10.28,1.58,1,1,1,1,1,0,1,1,2003.0,5,1,-1.0142514541080812,-0.6858837660148159
GA,Atlanta,Digital Realty ATL1,81.8,383000,60.53,1.58,1,1,0,1,1,1,1,1,2017.0,5,0,0.7220611661154657,4.75820922367559
GA,Atlanta,Digital Realty ATL2,60.3,683000,44.62,1.58,1,1,0,1,1,1,1,1,2007.0,5,0,0.5706082271912312,4.745842025287534
GA,Lithia Springs,Switch LAS VEGAS Data Center,2.2,111000,1.54,1.58,1,1,1,1,0,0,1,1,2003.0,5,1,-0.8481593404797937,-1.6187877080019055
GA,Lithia Springs,Vantage ATL01,52.3,311000,40.79,1.58,1,0,0,1,1,1,1,1,2017.0,5,0,1.6929866905984865,3.3353188180041506
GA,Lithia Springs,DataBank ATL3 - Lithia Springs,6.8,70000,4.76,1.58,1,1,1,1,1,0,1,1,2014.0,5,1,-1.057476716001526,-0.8576370697044091
NC,Charlotte,Equinix CH1,16.2,373000,11.66,1.55,1,1,1,1,1,1,1,1,2013.0,4,1,-0.7799654972785783,1.2180538914519097
NC,Charlotte,DataBank CLT1,24.8,218000,17.36,1.55,1,1,1,1,1,0,1,1,2003.0,4,1,-0.7133994234525687,0.2657438633204594
NC,Charlotte,TierPoint Charlotte,2.8,149000,1.93,1.55,1,1,1,1,1,0,1,1,2000.0,4,1,-1.077028276289525,-0.8778190288919362
NC,Charlotte,Flexential Charlotte,19.4,168000,13.58,1.55,1,1,1,1,1,0,1,1,2007.0,4,1,-0.8029915869215956,-0.08916248498406097
NC,Charlotte,Cologix CLT1,4.2,65000,2.86,1.55,1,1,1,1,0,0,1,1,2007.0,4,1,-0.7864040415709583,-1.6751345128624426
NC,Charlotte,Iron Mountain Charlotte,22.0,183000,14.96,1.55,1,1,1,1,0,0,1,1,2003.0,4,1,-0.4837596584401425,-0.6044978604842407
NC,Charlotte,CyrusOne CLT1,36.5,592000,27.38,1.55,1,1,0,1,1,1,1,1,2013.0,4,0,0.25049585418311426,3.486621474365378
NC,Durham,Flexential Durham,18.7,145000,13.09,1.55,1,1,1,1,1,0,1,1,2009.0,4,1,-0.8188314608446681,-0.1782126693404575
NC,Durham,DataBank RDU1,14.4,240000,10.08,1.55,1,1,1,1,1,0,1,1,2017.0,4,1,-0.7788179328417179,0.002476283518208822
NC,Durham,TierPoint Raleigh-Durham,12.6,83000,8.69,1.55,1,1,1,1,1,0,1,1,2006.0,4,1,-0.9591014913464829,-0.6503085931949414
NC,Raleigh,Lumen Raleigh,3.7,77000,2.41,1.55,1,1,1,0,0,0,1,1,2013.0,4,1,0.38320763127411006,-2.1966138357675575
NC,Raleigh,Cologix RDU1,11.6,21000,7.89,1.55,1,1,1,1,0,0,1,1,2011.0,4,1,-0.69659438480913,-1.4903072075772583
NC,Raleigh,DataBank RDU2,4.5,158000,3.15,1.55,1,1,1,1,1,0,1,1,2016.0,4,1,-0.9745439585151716,-0.6724603840978084
OH,Columbus,Equinix CM1,46.4,235000,33.41,1.57,1,1,1,1,1,1,1,1,2000.0,5,0,-0.536622487706663,1.9528746599666498
OH,Columbus,DataBank CMH1,28.9,47000,20.23,1.57,1,1,1,1,1,0,1,1,2005.0,5,1,-0.7900295137129665,-0.09322858872784716
OH,Columbus,Flexential Columbus,3.2,30000,2.24,1.57,1,1,1,1,1,0,1,1,2007.0,5,1,-1.1472501255115768,-1.188117472261631
OH,Columbus,Cologix CMH1,7.2,113000,4.9,1.57,1,1,1,1,0,0,1,1,2019.0,5,1,-0.6879956625114456,-1.3138827995105447
OH,Columbus,TierPoint Columbus,5.9,97000,4.07,1.57,1,1,1,1,1,0,1,1,2019.0,5,1,-1.0114917812150455,-0.785231050682482
OH,Columbus,Iron Mountain Columbus,4.8,141000,3.26,1.57,1,1,1,1,0,0,1,1,2016.0,5,1,-0.715834549584376,-1.3414196772732516
OH,Columbus,CyrusOne COL1 - Columbus,46.6,566000,34.95,1.57,1,1,0,1,1,1,1,1,2011.0,5,0,0.33947399670607187,3.8254381345504975
OH,Columbus,QTS Columbus,70.3,288000,53.43,1.57,1,1,0,1,1,1,1,1,2011.0,5,0,0.5001021081896071,3.9615872045175915
OH,Cleveland,DataBank CLE1,13.7,177000,9.59,1.57,1,1,1,1,1,0,1,1,2009.0,5,1,-0.8955542250107572,-0.2739577100379743
OH,Cleveland,Flexential Cleveland,10.2,168000,7.14,1.57,1,1,1,1,1,0,1,1,2002.0,5,1,-0.981703864634274,-0.4926373836843811
OH,Cleveland,TierPoint Cleveland,2.1,100000,1.45,1.57,1,1,1,1,1,0,1,1,2018.0,5,1,-1.066167905838527,-0.9369191035931118
IL,Chicago,Equinix CH2,49.8,75000,35.86,1.52,1,1,1,1,1,1,1,1,2005.0,9,0,-0.4497005449261721,1.5323428768825351
IL,Chicago,Equinix CH3,27.8,96000,20.02,1.52,1,1,1,1,1,1,1,1,2010.0,9,1,-0.7210729331641997,0.7180613197913737
IL,Chicago,Equinix CH4,44.6,357000,32.11,1.52,1,1,1,1,1,1,1,1,2010.0,9,0,-0.3126958011323363,2.251504681557369
IL,Chicago,DataBank CHI1,10.7,126000,7.49,1.52,1,1,1,1,1,0,1,1,2017.0,9,1,-0.8117276823388209,-0.5902291647933493
IL,Chicago,DataBank CHI2,22.0,164000,15.4,1.52,1,1,1,1,1,0,1,1,2020.0,9,1,-0.6167668659550922,0.014561446379091944
IL,Chicago,Cologix CHI1,8.9,85000,6.05,1.52,1,1,1,1,0,0,1,1,2018.0,9,1,-0.5652724597526214,-1.424615468585549
IL,Chicago,Cologix CHI2,5.9,84000,4.01,1.52,1,1,1,1,0,0,1,1,2005.0,9,1,-0.6659236324916221,-1.635230129964013
IL,Chicago,Iron Mountain CHI1,8.8,181000,5.98,1.52,1,1,1,1,0,0,1,1,2015.0,9,1,-0.5165874033779099,-1.1413945924602782
IL,Chicago,Iron Mountain CHI2,6.4,77000,4.35,1.52,1,1,1,1,0,0,1,1,2004.0,9,1,-0.6683019677424317,-1.6440397335156673
IL,Chicago,Digital Realty CHI1,88.4,262000,65.42,1.52,1,1,0,1,1,1,1,1,2012.0,9,0,0.8538072628125656,4.524643614658282
IL,Chicago,Digital Realty CHI2,64.6,300000,47.8,1.52,1,1,0,1,1,1,1,1,2005.0,9,0,0.5094185720505969,3.5966017726768733
IL,Chicago,TierPoint Chicago,3.5,75000,2.42,1.52,1,1,1,1,1,0,1,1,2008.0,9,1,-0.9862368475841673,-1.1091197925185214
IL,Chicago,Flexential Chicago,2.8,73000,1.96,1.52,1,1,1,1,1,0,1,1,2004.0,9,1,-1.0151396680072629,-1.1698634442507163
IL,Chicago,QTS Chicago,67.3,257000,51.15,1.52,1,1,0,1,1,1,1,1,2017.0,9,0,0.5864211054402042,3.6909220595708794
IL,Chicago,CyrusOne CHI1 - Chicago,48.6,302000,36.45,1.52,1,1,0,1,1,1,1,1,2005.0,9,0,0.2883084876106828,2.9426913118228692
IL,Chicago,Lumen Chicago 1,2.0,76000,1.3,1.52,1,1,1,0,0,0,1,1,1999.0,9,1,0.3900112921420797,-2.43618465347642
IL,Chicago,Lumen Chicago 2,5.9,68000,3.84,1.52,1,1,1,0,0,0,1,1,2013.0,9,1,0.5004516785325572,-2.2145576049953806
AZ,Phoenix,Equinix PH1,29.9,200000,21.53,1.65,1,1,1,1,1,1,1,1,2000.0,4,1,-0.9452894169449947,1.2330770886222107
AZ,Phoenix,Equinix PH2,18.9,364000,13.61,1.65,1,1,1,1,1,1,1,1,2000.0,4,1,-0.9904783068909419,1.3005673560237736
AZ,Phoenix,DataBank PHX1,27.3,76000,19.11,1.65,1,1,1,1,1,0,1,1,2007.0,4,1,-0.9382044375235375,0.025372618904554414
AZ,Phoenix,DataBank PHX2,21.0,107000,14.7,1.65,1,1,1,1,1,0,1,1,2017.0,4,1,-0.959197571191052,-0.06748885689129208
AZ,Phoenix,CyrusOne PHX1 - Phoenix,71.9,291000,53.93,1.65,1,1,0,1,1,1,1,1,2009.0,4,0,0.3548843466793654,4.08398010535342
AZ,Phoenix,Iron Mountain Phoenix,23.4,70000,15.91,1.65,1,1,1,1,0,0,1,1,2003.0,4,1,-0.7229835804896294,-0.8245290072910009
AZ,Phoenix,Flexential Phoenix,19.6,149000,13.72,1.65,1,1,1,1,1,0,1,1,2013.0,4,1,-0.9688528443364395,-0.01699262253545186
AZ,Phoenix,TierPoint Phoenix,2.4,115000,1.66,1.65,1,1,1,1,1,0,1,1,2010.0,4,1,-1.242852133843401,-0.8514639135868152
AZ,Phoenix,Vantage AZ01,121.7,499000,94.93,1.65,1,0,0,1,1,1,1,1,2020.0,4,0,2.7061233381899665,7.030804736050043
AZ,Phoenix,Cologix PHX1,13.2,100000,8.98,1.65,1,1,1,1,0,0,1,1,2009.0,4,1,-0.8147358645469054,-1.1009961716888952
AZ,Chandler,DataBank PHX3 - Chandler,7.3,184000,5.11,1.65,1,1,1,1,1,0,1,1,2012.0,4,1,-1.120091478859875,-0.41593798795340525
AZ,Chandler,CyrusOne PHX2 - Chandler,71.1,526000,53.32,1.65,1,1,0,1,1,1,1,1,2012.0,4,0,0.5129521603836691,4.821615088549732
NJ,Parsippany,Equinix NY5,14.0,371000,10.08,1.62,1,1,1,1,1,1,1,1,2010.0,7,1,-0.9306860722652406,1.1295268138175207
NJ,Parsippany,DataBank NJ1,11.2,204000,7.84,1.62,1,1,1,1,1,0,1,1,2007.0,7,1,-0.9973673520515186,-0.28108268101311956
NJ,Parsippany,Cologix NJ1,4.9,84000,3.33,1.62,1,1,1,1,0,0,1,1,2013.0,7,1,-0.8420197249812267,-1.5173620090734332
NJ,Parsippany,Iron Mountain NJ1,10.2,176000,6.94,1.62,1,1,1,1,0,0,1,1,2006.0,7,1,-0.7405142728230746,-1.054889654986
NJ,Parsippany,TierPoint New Jersey,7.6,86000,5.24,1.62,1,1,1,1,1,0,1,1,2017.0,7,1,-1.080688528508209,-0.7423193733066055
NJ,Secaucus,Equinix NY4,19.9,59000,14.33,1.62,1,1,1,1,1,1,1,1,2007.0,7,1,-1.068741963384005,0.35660299528606654
NJ,Secaucus,Equinix NY7,13.0,386000,9.36,1.62,1,1,1,1,1,1,1,1,2007.0,7,1,-0.9483737236487881,1.1160783363476734
NJ,Secaucus,DataBank NJ2 - Secaucus,4.0,161000,2.8,1.62,1,1,1,1,1,0,1,1,2011.0,7,1,-1.1071803488103984,-0.6873920967537892
NJ,Secaucus,Lumen Secaucus 1,7.6,31000,4.94,1.62,1,1,1,0,0,0,1,1,2014.0,7,1,0.3042441773465733,-2.1539013252629857
NJ,Newark,DataBank NJ3 - Newark,29.6,55000,20.72,1.62,1,1,1,1,1,0,1,1,2018.0,7,1,-0.7920453217130549,0.0694264817033241
NJ,Newark,Cologix NJ2,4.5,19000,3.06,1.62,1,1,1,1,0,0,1,1,2014.0,7,1,-0.8860397435087071,-1.7348491703168978
NJ,Newark,Iron Mountain Newark,3.0,187000,2.04,1.62,1,1,1,1,0,0,1,1,2015.0,7,1,-0.7904475716316054,-1.251276558608869
NJ,Newark,Flexential Newark,14.4,170000,10.08,1.62,1,1,1,1,1,0,1,1,2006.0,7,1,-0.9802702841121396,-0.26530125910640545
OR,Portland,Equinix PT1,21.4,74000,15.41,1.45,1,1,1,1,1,1,1,1,2009.0,5,1,-0.732636232167511,0.35595896304314256
OR,Portland,Equinix PT2,33.0,282000,23.76,1.45,1,1,1,1,1,1,1,1,2002.0,5,0,-0.4640290660432035,1.4573647387606499
OR,Portland,DataBank PDX1,22.4,96000,15.68,1.45,1,1,1,1,1,0,1,1,2009.0,5,1,-0.6091659194781319,-0.2784636879152804
OR,Portland,Cologix PDX1,10.7,49000,7.28,1.45,1,1,1,1,0,0,1,1,2010.0,5,1,-0.5037369274343626,-1.5388221125337371
OR,Portland,TierPoint Portland,10.9,44000,7.52,1.45,1,1,1,1,1,0,1,1,2012.0,5,1,-0.7899309619598196,-0.8996471839701171
OR,Portland,Flexential Portland,14.2,164000,9.94,1.45,1,1,1,1,1,0,1,1,2019.0,5,1,-0.6318530846002363,-0.33082966884822196
OR,Portland,Iron Mountain Portland,15.5,99000,10.54,1.45,1,1,1,1,0,0,1,1,1998.0,5,1,-0.45974343917209837,-1.2643734989980961
OR,Portland,Lumen Portland 1,3.7,24000,2.41,1.45,1,1,1,0,0,0,1,1,2013.0,5,1,0.5391051056756023,-2.4613703726254137
CO,Denver,Equinix DE1,32.3,162000,23.26,1.55,1,1,1,1,1,1,1,1,2013.0,4,1,-0.6944816672842512,1.2124163773513619
CO,Denver,Equinix DE2,24.9,124000,17.93,1.55,1,1,1,1,1,1,1,1,2014.0,4,1,-0.8187847925453696,0.7897458064299889
CO,Denver,DataBank DEN1,24.4,241000,17.08,1.55,1,1,1,1,1,0,1,1,2005.0,4,1,-0.6945689632563943,0.33619217157797027
CO,Denver,DataBank DEN2,20.8,92000,14.56,1.55,1,1,1,1,1,0,1,1,2020.0,4,1,-0.7749793031408301,-0.18883267964344025
CO,Denver,Cologix DEN1,10.1,24000,6.87,1.55,1,1,1,1,0,0,1,1,2008.0,4,1,-0.7286841269171858,-1.5612273496129518
CO,Denver,Cologix DEN2,10.7,38000,7.28,1.55,1,1,1,1,0,0,1,1,2007.0,4,1,-0.7157452366438694,-1.4987376981470086
CO,Denver,Flexential Denver,4.7,27000,3.29,1.55,1,1,1,1,1,0,1,1,2015.0,4,1,-1.0632603899749649,-1.0900794238998928
CO,Denver,Iron Mountain Denver,16.4,160000,11.15,1.55,1,1,1,1,0,0,1,1,2012.0,4,1,-0.5344335238693565,-0.8449380030974991
CO,Denver,TierPoint Denver,8.6,101000,5.93,1.55,1,1,1,1,1,0,1,1,2006.0,4,1,-1.0020397565432912,-0.7555726417688101
CO,Denver,Lumen Denver 1,7.5,36000,4.88,1.55,1,1,1,0,0,0,1,1,2007.0,4,1,0.37943483482611623,-2.2171846055631783
